intento_id,fecha,sede,usuario_id,pasos
1,2025-11-03,Quito,USR-2824,4
2,2025-11-03,Quito,USR-4657,3
3,2025-11-03,Quito,USR-3286,3
4,2025-11-03,Quito,USR-9935,1
5,2025-11-03,Quito,USR-2424,3
6,2025-11-03,Quito,USR-2535,3
7,2025-11-03,Quito,USR-4582,3
8,2025-11-03,Quito,USR-4257,4
9,2025-11-03,Quito,USR-9928,2
10,2025-11-03,Quito,USR-5557,3
11,2025-11-03,Quito,USR-1106,3
12,2025-11-03,Quito,USR-7924,2
13,2025-11-03,Quito,USR-6574,3
14,2025-11-03,Quito,USR-6514,3
15,2025-11-03,Quito,USR-2674,3
16,2025-11-03,Quito,USR-6635,3
17,2025-11-03,Quito,USR-5333,3
18,2025-11-03,Quito,USR-9785,1
19,2025-11-03,Quito,USR-3045,4
20,2025-11-03,Quito,USR-5803,3
21,2025-11-03,Quito,USR-6925,2
22,2025-11-03,Quito,USR-1750,2
23,2025-11-03,Quito,USR-4733,3
24,2025-11-03,Quito,USR-4814,1
25,2025-11-03,Quito,USR-2654,2
26,2025-11-03,Quito,USR-6977,3
27,2025-11-03,Quito,USR-3664,2
28,2025-11-03,Quito,USR-5374,3
29,2025-11-03,Quito,USR-2169,2
30,2025-11-03,Quito,USR-5010,2
31,2025-11-03,Quito,USR-3677,2
32,2025-11-03,Quito,USR-4598,3
33,2025-11-03,Quito,USR-6313,4
34,2025-11-03,Quito,USR-4752,2
35,2025-11-03,Quito,USR-1525,3
36,2025-11-03,Quito,USR-2084,2
37,2025-11-03,Quito,USR-4456,4
38,2025-11-03,Quito,USR-6155,2
39,2025-11-03,Quito,USR-4483,2
40,2025-11-03,Quito,USR-8517,2
41,2025-11-03,Quito,USR-3340,3
42,2025-11-03,Quito,USR-9830,3
43,2025-11-03,Quito,USR-5304,3
44,2025-11-03,Quito,USR-7543,2
45,2025-11-03,Quito,USR-6930,3
46,2025-11-03,Quito,USR-9348,6
47,2025-11-03,Quito,USR-9085,3
48,2025-11-03,Quito,USR-2796,3
49,2025-11-03,Quito,USR-3504,2
50,2025-11-03,Quito,USR-7916,2
51,2025-11-03,Quito,USR-2040,2
52,2025-11-03,Quito,USR-8668,4
53,2025-11-03,Quito,USR-9669,3
54,2025-11-03,Quito,USR-1188,4
55,2025-11-03,Quito,USR-2876,2
56,2025-11-03,Quito,USR-5371,2
57,2025-11-03,Quito,USR-6573,4
58,2025-11-03,Quito,USR-8433,3
59,2025-11-03,Quito,USR-1053,5
60,2025-11-03,Quito,USR-5315,2
61,2025-11-03,Quito,USR-9201,3
62,2025-11-03,Quito,USR-2743,2
63,2025-11-03,Quito,USR-5889,3
64,2025-11-03,Quito,USR-4258,2
65,2025-11-03,Quito,USR-3504,2
66,2025-11-03,Quito,USR-9689,3
67,2025-11-03,Quito,USR-1009,2
68,2025-11-03,Quito,USR-2832,2
69,2025-11-03,Quito,USR-6947,4
70,2025-11-03,Quito,USR-6038,2
71,2025-11-03,Quito,USR-4923,5
72,2025-11-03,Quito,USR-2290,3
73,2025-11-03,Quito,USR-2403,3
74,2025-11-03,Quito,USR-9727,1
75,2025-11-03,Quito,USR-3060,4
76,2025-11-03,Quito,USR-3705,4
77,2025-11-03,Quito,USR-5342,2
78,2025-11-03,Quito,USR-4470,3
79,2025-11-03,Quito,USR-9835,3
80,2025-11-03,Quito,USR-6107,1
81,2025-11-03,Quito,USR-7537,4
82,2025-11-03,Quito,USR-8177,3
83,2025-11-03,Quito,USR-9479,2
84,2025-11-03,Quito,USR-2049,3
85,2025-11-03,Quito,USR-6539,4
86,2025-11-03,Quito,USR-4608,3
87,2025-11-03,Quito,USR-1117,4
88,2025-11-03,Quito,USR-4750,3
89,2025-11-03,Quito,USR-2104,4
90,2025-11-03,Quito,USR-2160,2
91,2025-11-03,Quito,USR-9423,3
92,2025-11-03,Quito,USR-4510,4
93,2025-11-03,Quito,USR-9834,4
94,2025-11-03,Quito,USR-8744,4
95,2025-11-03,Quito,USR-4981,3
96,2025-11-03,Quito,USR-4119,1
97,2025-11-03,Quito,USR-2545,4
98,2025-11-03,Quito,USR-7939,3
99,2025-11-03,Quito,USR-7735,1
100,2025-11-03,Quito,USR-2612,3
101,2025-11-03,Guayaquil,USR-1993,2
102,2025-11-03,Guayaquil,USR-2790,3
103,2025-11-03,Guayaquil,USR-5073,3
104,2025-11-03,Guayaquil,USR-3296,4
105,2025-11-03,Guayaquil,USR-7912,3
106,2025-11-03,Guayaquil,USR-2235,4
107,2025-11-03,Guayaquil,USR-8260,3
108,2025-11-03,Guayaquil,USR-2604,1
109,2025-11-03,Guayaquil,USR-1828,2
110,2025-11-03,Guayaquil,USR-1241,2
111,2025-11-03,Guayaquil,USR-2528,4
112,2025-11-03,Guayaquil,USR-3724,2
113,2025-11-03,Guayaquil,USR-7658,2
114,2025-11-03,Guayaquil,USR-7570,3
115,2025-11-03,Guayaquil,USR-1960,3
116,2025-11-03,Guayaquil,USR-7396,3
117,2025-11-03,Guayaquil,USR-5345,4
118,2025-11-03,Guayaquil,USR-5673,2
119,2025-11-03,Guayaquil,USR-7930,2
120,2025-11-03,Guayaquil,USR-8973,1
121,2025-11-03,Guayaquil,USR-3536,3
122,2025-11-03,Guayaquil,USR-1958,3
123,2025-11-03,Guayaquil,USR-9883,4
124,2025-11-03,Guayaquil,USR-1821,3
125,2025-11-03,Guayaquil,USR-8811,1
126,2025-11-03,Guayaquil,USR-3579,3
127,2025-11-03,Guayaquil,USR-1931,3
128,2025-11-03,Guayaquil,USR-4044,3
129,2025-11-03,Guayaquil,USR-2122,2
130,2025-11-03,Guayaquil,USR-4853,2
131,2025-11-03,Guayaquil,USR-7615,4
132,2025-11-03,Guayaquil,USR-5033,4
133,2025-11-03,Guayaquil,USR-1651,2
134,2025-11-03,Guayaquil,USR-9565,2
135,2025-11-03,Guayaquil,USR-6183,3
136,2025-11-03,Guayaquil,USR-6147,3
137,2025-11-03,Guayaquil,USR-4910,3
138,2025-11-03,Guayaquil,USR-5915,3
139,2025-11-03,Guayaquil,USR-8491,2
140,2025-11-03,Guayaquil,USR-2188,4
141,2025-11-03,Guayaquil,USR-1152,1
142,2025-11-03,Guayaquil,USR-2638,4
143,2025-11-03,Guayaquil,USR-2200,2
144,2025-11-03,Guayaquil,USR-3170,3
145,2025-11-03,Guayaquil,USR-6718,4
146,2025-11-03,Guayaquil,USR-7054,2
147,2025-11-03,Guayaquil,USR-5669,4
148,2025-11-03,Guayaquil,USR-5956,4
149,2025-11-03,Guayaquil,USR-9666,4
150,2025-11-03,Guayaquil,USR-5905,3
151,2025-11-03,Guayaquil,USR-2697,3
152,2025-11-03,Guayaquil,USR-2891,3
153,2025-11-03,Guayaquil,USR-2753,3
154,2025-11-03,Guayaquil,USR-5616,2
155,2025-11-03,Guayaquil,USR-4450,3
156,2025-11-03,Guayaquil,USR-5325,2
157,2025-11-03,Guayaquil,USR-9280,1
158,2025-11-03,Guayaquil,USR-1832,3
159,2025-11-03,Guayaquil,USR-2512,2
160,2025-11-03,Guayaquil,USR-1722,2
161,2025-11-03,Guayaquil,USR-1058,3
162,2025-11-03,Guayaquil,USR-5291,3
163,2025-11-03,Guayaquil,USR-3647,3
164,2025-11-03,Guayaquil,USR-8007,2
165,2025-11-03,Guayaquil,USR-1158,4
166,2025-11-03,Guayaquil,USR-3442,4
167,2025-11-03,Guayaquil,USR-9938,4
168,2025-11-03,Guayaquil,USR-3426,3
169,2025-11-03,Guayaquil,USR-8041,3
170,2025-11-03,Guayaquil,USR-1653,3
171,2025-11-03,Guayaquil,USR-6862,3
172,2025-11-03,Guayaquil,USR-2684,3
173,2025-11-03,Guayaquil,USR-6794,3
174,2025-11-03,Guayaquil,USR-7658,1
175,2025-11-03,Guayaquil,USR-3532,3
176,2025-11-03,Guayaquil,USR-3662,3
177,2025-11-03,Guayaquil,USR-3900,3
178,2025-11-03,Guayaquil,USR-6442,3
179,2025-11-03,Guayaquil,USR-7745,3
180,2025-11-03,Guayaquil,USR-5065,1
181,2025-11-03,Guayaquil,USR-5371,4
182,2025-11-03,Guayaquil,USR-7267,4
183,2025-11-03,Guayaquil,USR-1634,3
184,2025-11-03,Guayaquil,USR-8541,2
185,2025-11-03,Guayaquil,USR-6728,2
186,2025-11-03,Guayaquil,USR-4728,4
187,2025-11-03,Guayaquil,USR-4652,3
188,2025-11-03,Guayaquil,USR-6378,3
189,2025-11-03,Guayaquil,USR-5564,4
190,2025-11-03,Guayaquil,USR-5573,1
191,2025-11-03,Guayaquil,USR-6753,2
192,2025-11-03,Guayaquil,USR-9785,2
193,2025-11-03,Guayaquil,USR-6425,3
194,2025-11-03,Guayaquil,USR-5279,3
195,2025-11-03,Guayaquil,USR-3925,1
196,2025-11-03,Guayaquil,USR-1626,2
197,2025-11-03,Guayaquil,USR-2776,2
198,2025-11-03,Guayaquil,USR-6139,2
199,2025-11-03,Guayaquil,USR-8149,2
200,2025-11-03,Guayaquil,USR-7311,2
201,2025-11-03,Cuenca,USR-4114,3
202,2025-11-03,Cuenca,USR-1027,4
203,2025-11-03,Cuenca,USR-9518,4
204,2025-11-03,Cuenca,USR-4228,2
205,2025-11-03,Cuenca,USR-6967,1
206,2025-11-03,Cuenca,USR-6409,4
207,2025-11-03,Cuenca,USR-6143,3
208,2025-11-03,Cuenca,USR-5920,2
209,2025-11-03,Cuenca,USR-9308,2
210,2025-11-03,Cuenca,USR-7592,4
211,2025-11-03,Cuenca,USR-5844,2
212,2025-11-03,Cuenca,USR-7211,3
213,2025-11-03,Cuenca,USR-3851,2
214,2025-11-03,Cuenca,USR-9977,2
215,2025-11-03,Cuenca,USR-1006,3
216,2025-11-03,Cuenca,USR-6279,3
217,2025-11-03,Cuenca,USR-8618,2
218,2025-11-03,Cuenca,USR-9375,3
219,2025-11-03,Cuenca,USR-8752,3
220,2025-11-03,Cuenca,USR-3780,1
221,2025-11-03,Cuenca,USR-2389,3
222,2025-11-03,Cuenca,USR-6491,4
223,2025-11-03,Cuenca,USR-2530,3
224,2025-11-03,Cuenca,USR-6085,1
225,2025-11-03,Cuenca,USR-4680,3
226,2025-11-03,Cuenca,USR-1757,2
227,2025-11-03,Cuenca,USR-5011,4
228,2025-11-03,Cuenca,USR-2193,3
229,2025-11-03,Cuenca,USR-8461,2
230,2025-11-03,Cuenca,USR-4185,3
231,2025-11-03,Cuenca,USR-7291,2
232,2025-11-03,Cuenca,USR-1090,3
233,2025-11-03,Cuenca,USR-2746,3
234,2025-11-03,Cuenca,USR-9486,2
235,2025-11-03,Cuenca,USR-8611,3
236,2025-11-03,Cuenca,USR-2988,3
237,2025-11-03,Cuenca,USR-8478,3
238,2025-11-03,Cuenca,USR-9702,4
239,2025-11-03,Cuenca,USR-6198,5
240,2025-11-03,Cuenca,USR-9270,2
241,2025-11-03,Cuenca,USR-7991,3
242,2025-11-03,Cuenca,USR-3607,2
243,2025-11-03,Cuenca,USR-8777,1
244,2025-11-03,Cuenca,USR-5543,3
245,2025-11-03,Cuenca,USR-9540,2
246,2025-11-03,Cuenca,USR-8206,3
247,2025-11-03,Cuenca,USR-2269,3
248,2025-11-03,Cuenca,USR-6502,2
249,2025-11-03,Cuenca,USR-6238,3
250,2025-11-03,Cuenca,USR-3471,3
251,2025-11-03,Ambato,USR-4788,2
252,2025-11-03,Ambato,USR-4505,3
253,2025-11-03,Ambato,USR-2052,2
254,2025-11-03,Ambato,USR-8633,3
255,2025-11-03,Ambato,USR-7812,4
256,2025-11-03,Ambato,USR-7381,3
257,2025-11-03,Ambato,USR-1320,4
258,2025-11-03,Ambato,USR-7232,2
259,2025-11-03,Ambato,USR-8814,4
260,2025-11-03,Ambato,USR-7389,3
261,2025-11-03,Ambato,USR-7865,1
262,2025-11-03,Ambato,USR-4613,2
263,2025-11-03,Ambato,USR-8999,3
264,2025-11-03,Ambato,USR-1475,4
265,2025-11-03,Ambato,USR-7371,2
266,2025-11-03,Ambato,USR-7624,4
267,2025-11-03,Ambato,USR-3704,4
268,2025-11-03,Ambato,USR-9751,1
269,2025-11-03,Ambato,USR-1441,4
270,2025-11-03,Ambato,USR-1444,2
271,2025-11-03,Ambato,USR-2375,2
272,2025-11-03,Ambato,USR-8564,2
273,2025-11-03,Ambato,USR-3977,4
274,2025-11-03,Ambato,USR-4467,3
275,2025-11-03,Ambato,USR-8449,2
276,2025-11-03,Ambato,USR-7211,4
277,2025-11-03,Ambato,USR-5558,3
278,2025-11-03,Ambato,USR-5133,1
279,2025-11-03,Ambato,USR-2341,1
280,2025-11-03,Ambato,USR-1853,3
281,2025-11-03,Ambato,USR-6733,3
282,2025-11-03,Ambato,USR-1659,3
283,2025-11-03,Ambato,USR-1508,3
284,2025-11-03,Ambato,USR-1333,3
285,2025-11-03,Ambato,USR-3496,3
286,2025-11-03,Ambato,USR-2874,4
287,2025-11-03,Ambato,USR-4571,2
288,2025-11-03,Ambato,USR-7043,3
289,2025-11-03,Ambato,USR-3749,1
290,2025-11-03,Ambato,USR-2876,1
291,2025-11-03,Ambato,USR-3683,3
292,2025-11-03,Ambato,USR-1420,3
293,2025-11-03,Ambato,USR-6111,1
294,2025-11-03,Ambato,USR-7149,2
295,2025-11-03,Ambato,USR-7498,3
296,2025-11-03,Ambato,USR-4978,3
297,2025-11-03,Ambato,USR-2669,3
298,2025-11-03,Ambato,USR-2983,2
299,2025-11-03,Ambato,USR-1672,2
300,2025-11-03,Ambato,USR-7071,4
301,2025-11-03,Manta,USR-2129,2
302,2025-11-03,Manta,USR-7882,3
303,2025-11-03,Manta,USR-9031,5
304,2025-11-03,Manta,USR-8532,4
305,2025-11-03,Manta,USR-3506,1
306,2025-11-03,Manta,USR-5425,3
307,2025-11-03,Manta,USR-9817,3
308,2025-11-03,Manta,USR-5397,2
309,2025-11-03,Manta,USR-6280,4
310,2025-11-03,Manta,USR-2419,1
311,2025-11-03,Manta,USR-5569,3
312,2025-11-03,Manta,USR-8613,2
313,2025-11-03,Manta,USR-7209,2
314,2025-11-03,Manta,USR-6325,4
315,2025-11-03,Manta,USR-3979,2
316,2025-11-03,Manta,USR-5232,3
317,2025-11-03,Manta,USR-6576,3
318,2025-11-03,Manta,USR-5526,4
319,2025-11-03,Manta,USR-1166,2
320,2025-11-03,Manta,USR-4954,3
321,2025-11-03,Manta,USR-7658,1
322,2025-11-03,Manta,USR-8800,3
323,2025-11-03,Manta,USR-9041,3
324,2025-11-03,Manta,USR-5820,3
325,2025-11-03,Manta,USR-4630,2
326,2025-11-03,Manta,USR-7046,3
327,2025-11-03,Manta,USR-8753,2
328,2025-11-03,Manta,USR-6419,3
329,2025-11-03,Manta,USR-6764,3
330,2025-11-03,Manta,USR-5118,2
331,2025-11-03,Manta,USR-4777,3
332,2025-11-03,Manta,USR-2958,3
333,2025-11-03,Manta,USR-9779,4
334,2025-11-03,Manta,USR-4138,2
335,2025-11-03,Manta,USR-4545,3
336,2025-11-03,Manta,USR-9595,2
337,2025-11-03,Manta,USR-5636,4
338,2025-11-03,Manta,USR-5853,3
339,2025-11-03,Manta,USR-4727,2
340,2025-11-03,Manta,USR-9751,3
341,2025-11-03,Manta,USR-3073,2
342,2025-11-03,Manta,USR-5786,5
343,2025-11-03,Manta,USR-3068,2
344,2025-11-03,Manta,USR-2680,2
345,2025-11-03,Manta,USR-1200,2
346,2025-11-03,Manta,USR-8216,2
347,2025-11-03,Manta,USR-6582,3
348,2025-11-03,Manta,USR-8827,3
349,2025-11-03,Manta,USR-2869,3
350,2025-11-03,Manta,USR-2213,2
351,2025-11-04,Quito,USR-1878,4
352,2025-11-04,Quito,USR-5978,4
353,2025-11-04,Quito,USR-2395,3
354,2025-11-04,Quito,USR-7818,3
355,2025-11-04,Quito,USR-4697,3
356,2025-11-04,Quito,USR-8253,2
357,2025-11-04,Quito,USR-5871,5
358,2025-11-04,Quito,USR-6003,1
359,2025-11-04,Quito,USR-1986,2
360,2025-11-04,Quito,USR-4404,2
361,2025-11-04,Quito,USR-4457,3
362,2025-11-04,Quito,USR-4929,3
363,2025-11-04,Quito,USR-3847,2
364,2025-11-04,Quito,USR-7693,3
365,2025-11-04,Quito,USR-8381,2
366,2025-11-04,Quito,USR-1534,2
367,2025-11-04,Quito,USR-4792,3
368,2025-11-04,Quito,USR-8438,4
369,2025-11-04,Quito,USR-2166,2
370,2025-11-04,Quito,USR-4241,1
371,2025-11-04,Quito,USR-7965,3
372,2025-11-04,Quito,USR-3441,3
373,2025-11-04,Quito,USR-5352,3
374,2025-11-04,Quito,USR-3718,2
375,2025-11-04,Quito,USR-6039,1
376,2025-11-04,Quito,USR-5728,2
377,2025-11-04,Quito,USR-8195,4
378,2025-11-04,Quito,USR-7594,4
379,2025-11-04,Quito,USR-5460,2
380,2025-11-04,Quito,USR-2317,3
381,2025-11-04,Quito,USR-1653,4
382,2025-11-04,Quito,USR-5102,2
383,2025-11-04,Quito,USR-1423,5
384,2025-11-04,Quito,USR-1339,4
385,2025-11-04,Quito,USR-5415,1
386,2025-11-04,Quito,USR-3870,2
387,2025-11-04,Quito,USR-8708,2
388,2025-11-04,Quito,USR-5557,3
389,2025-11-04,Quito,USR-3973,4
390,2025-11-04,Quito,USR-9056,3
391,2025-11-04,Quito,USR-2494,2
392,2025-11-04,Quito,USR-6260,3
393,2025-11-04,Quito,USR-2713,3
394,2025-11-04,Quito,USR-9117,2
395,2025-11-04,Quito,USR-5722,2
396,2025-11-04,Quito,USR-1601,2
397,2025-11-04,Quito,USR-8451,3
398,2025-11-04,Quito,USR-2899,3
399,2025-11-04,Quito,USR-7622,4
400,2025-11-04,Quito,USR-1018,2
401,2025-11-04,Quito,USR-9889,3
402,2025-11-04,Quito,USR-9494,3
403,2025-11-04,Quito,USR-6927,2
404,2025-11-04,Quito,USR-8242,2
405,2025-11-04,Quito,USR-1845,3
406,2025-11-04,Quito,USR-5719,4
407,2025-11-04,Quito,USR-8178,4
408,2025-11-04,Quito,USR-1472,2
409,2025-11-04,Quito,USR-4920,3
410,2025-11-04,Quito,USR-1224,2
411,2025-11-04,Quito,USR-7684,5
412,2025-11-04,Quito,USR-2858,4
413,2025-11-04,Quito,USR-8560,4
414,2025-11-04,Quito,USR-3522,2
415,2025-11-04,Quito,USR-9165,3
416,2025-11-04,Quito,USR-5479,2
417,2025-11-04,Quito,USR-7807,4
418,2025-11-04,Quito,USR-4993,1
419,2025-11-04,Quito,USR-8483,2
420,2025-11-04,Quito,USR-9327,3
421,2025-11-04,Quito,USR-3236,3
422,2025-11-04,Quito,USR-7798,2
423,2025-11-04,Quito,USR-6568,4
424,2025-11-04,Quito,USR-1042,2
425,2025-11-04,Quito,USR-5634,3
426,2025-11-04,Quito,USR-9022,1
427,2025-11-04,Quito,USR-3434,2
428,2025-11-04,Quito,USR-6446,3
429,2025-11-04,Quito,USR-9903,1
430,2025-11-04,Quito,USR-4090,4
431,2025-11-04,Quito,USR-4912,2
432,2025-11-04,Quito,USR-7730,3
433,2025-11-04,Quito,USR-1715,2
434,2025-11-04,Quito,USR-7246,4
435,2025-11-04,Quito,USR-7325,4
436,2025-11-04,Quito,USR-3492,3
437,2025-11-04,Quito,USR-9115,3
438,2025-11-04,Quito,USR-6439,3
439,2025-11-04,Quito,USR-2644,3
440,2025-11-04,Quito,USR-9617,2
441,2025-11-04,Quito,USR-8486,3
442,2025-11-04,Quito,USR-3529,3
443,2025-11-04,Quito,USR-2225,1
444,2025-11-04,Quito,USR-6546,3
445,2025-11-04,Quito,USR-7512,2
446,2025-11-04,Quito,USR-9742,1
447,2025-11-04,Quito,USR-7226,4
448,2025-11-04,Quito,USR-8994,2
449,2025-11-04,Quito,USR-9864,3
450,2025-11-04,Quito,USR-5708,3
451,2025-11-04,Guayaquil,USR-4727,3
452,2025-11-04,Guayaquil,USR-2612,2
453,2025-11-04,Guayaquil,USR-2646,2
454,2025-11-04,Guayaquil,USR-1474,3
455,2025-11-04,Guayaquil,USR-1753,3
456,2025-11-04,Guayaquil,USR-6873,3
457,2025-11-04,Guayaquil,USR-7141,2
458,2025-11-04,Guayaquil,USR-7751,3
459,2025-11-04,Guayaquil,USR-3950,3
460,2025-11-04,Guayaquil,USR-7267,3
461,2025-11-04,Guayaquil,USR-4945,2
462,2025-11-04,Guayaquil,USR-4804,3
463,2025-11-04,Guayaquil,USR-8555,2
464,2025-11-04,Guayaquil,USR-1153,2
465,2025-11-04,Guayaquil,USR-8622,4
466,2025-11-04,Guayaquil,USR-3588,2
467,2025-11-04,Guayaquil,USR-2210,2
468,2025-11-04,Guayaquil,USR-5901,3
469,2025-11-04,Guayaquil,USR-7951,2
470,2025-11-04,Guayaquil,USR-5949,2
471,2025-11-04,Guayaquil,USR-4263,5
472,2025-11-04,Guayaquil,USR-2747,3
473,2025-11-04,Guayaquil,USR-4886,2
474,2025-11-04,Guayaquil,USR-5847,3
475,2025-11-04,Guayaquil,USR-5837,4
476,2025-11-04,Guayaquil,USR-7484,3
477,2025-11-04,Guayaquil,USR-5497,5
478,2025-11-04,Guayaquil,USR-1803,3
479,2025-11-04,Guayaquil,USR-9138,4
480,2025-11-04,Guayaquil,USR-4770,1
481,2025-11-04,Guayaquil,USR-6772,3
482,2025-11-04,Guayaquil,USR-5106,3
483,2025-11-04,Guayaquil,USR-3240,1
484,2025-11-04,Guayaquil,USR-1645,1
485,2025-11-04,Guayaquil,USR-6061,3
486,2025-11-04,Guayaquil,USR-6977,3
487,2025-11-04,Guayaquil,USR-3153,3
488,2025-11-04,Guayaquil,USR-7807,3
489,2025-11-04,Guayaquil,USR-3877,3
490,2025-11-04,Guayaquil,USR-6994,4
491,2025-11-04,Guayaquil,USR-9697,2
492,2025-11-04,Guayaquil,USR-3695,3
493,2025-11-04,Guayaquil,USR-5210,5
494,2025-11-04,Guayaquil,USR-5835,2
495,2025-11-04,Guayaquil,USR-6549,3
496,2025-11-04,Guayaquil,USR-2233,2
497,2025-11-04,Guayaquil,USR-3306,3
498,2025-11-04,Guayaquil,USR-7511,2
499,2025-11-04,Guayaquil,USR-6992,4
500,2025-11-04,Guayaquil,USR-5332,3
501,2025-11-04,Guayaquil,USR-9791,3
502,2025-11-04,Guayaquil,USR-5295,3
503,2025-11-04,Guayaquil,USR-7242,4
504,2025-11-04,Guayaquil,USR-2775,1
505,2025-11-04,Guayaquil,USR-4830,2
506,2025-11-04,Guayaquil,USR-6374,3
507,2025-11-04,Guayaquil,USR-4626,2
508,2025-11-04,Guayaquil,USR-8606,2
509,2025-11-04,Guayaquil,USR-5951,3
510,2025-11-04,Guayaquil,USR-1742,2
511,2025-11-04,Guayaquil,USR-1609,2
512,2025-11-04,Guayaquil,USR-2592,4
513,2025-11-04,Guayaquil,USR-4846,3
514,2025-11-04,Guayaquil,USR-8432,2
515,2025-11-04,Guayaquil,USR-7078,2
516,2025-11-04,Guayaquil,USR-9850,1
517,2025-11-04,Guayaquil,USR-7866,2
518,2025-11-04,Guayaquil,USR-7797,2
519,2025-11-04,Guayaquil,USR-2622,3
520,2025-11-04,Guayaquil,USR-5583,2
521,2025-11-04,Guayaquil,USR-1536,3
522,2025-11-04,Guayaquil,USR-8285,2
523,2025-11-04,Guayaquil,USR-4868,3
524,2025-11-04,Guayaquil,USR-7018,2
525,2025-11-04,Guayaquil,USR-9920,4
526,2025-11-04,Guayaquil,USR-1992,2
527,2025-11-04,Guayaquil,USR-7523,2
528,2025-11-04,Guayaquil,USR-8450,5
529,2025-11-04,Guayaquil,USR-2501,2
530,2025-11-04,Guayaquil,USR-1349,2
531,2025-11-04,Guayaquil,USR-1828,3
532,2025-11-04,Guayaquil,USR-3063,2
533,2025-11-04,Guayaquil,USR-4362,4
534,2025-11-04,Guayaquil,USR-4394,3
535,2025-11-04,Guayaquil,USR-4538,3
536,2025-11-04,Guayaquil,USR-3417,2
537,2025-11-04,Guayaquil,USR-1046,2
538,2025-11-04,Guayaquil,USR-3129,5
539,2025-11-04,Guayaquil,USR-9850,3
540,2025-11-04,Guayaquil,USR-1422,3
541,2025-11-04,Guayaquil,USR-3159,4
542,2025-11-04,Guayaquil,USR-4898,3
543,2025-11-04,Guayaquil,USR-6304,4
544,2025-11-04,Guayaquil,USR-3076,3
545,2025-11-04,Guayaquil,USR-7897,1
546,2025-11-04,Guayaquil,USR-8802,3
547,2025-11-04,Guayaquil,USR-8344,3
548,2025-11-04,Guayaquil,USR-2786,2
549,2025-11-04,Guayaquil,USR-8405,1
550,2025-11-04,Guayaquil,USR-1710,3
551,2025-11-04,Cuenca,USR-9543,2
552,2025-11-04,Cuenca,USR-1510,4
553,2025-11-04,Cuenca,USR-1996,5
554,2025-11-04,Cuenca,USR-7984,3
555,2025-11-04,Cuenca,USR-2768,1
556,2025-11-04,Cuenca,USR-2204,3
557,2025-11-04,Cuenca,USR-2323,3
558,2025-11-04,Cuenca,USR-3067,3
559,2025-11-04,Cuenca,USR-5505,2
560,2025-11-04,Cuenca,USR-6327,2
561,2025-11-04,Cuenca,USR-7240,4
562,2025-11-04,Cuenca,USR-8433,3
563,2025-11-04,Cuenca,USR-9282,2
564,2025-11-04,Cuenca,USR-2874,3
565,2025-11-04,Cuenca,USR-4522,1
566,2025-11-04,Cuenca,USR-7779,4
567,2025-11-04,Cuenca,USR-6553,3
568,2025-11-04,Cuenca,USR-2557,2
569,2025-11-04,Cuenca,USR-6120,2
570,2025-11-04,Cuenca,USR-7132,3
571,2025-11-04,Cuenca,USR-3500,2
572,2025-11-04,Cuenca,USR-2494,2
573,2025-11-04,Cuenca,USR-2398,3
574,2025-11-04,Cuenca,USR-7105,3
575,2025-11-04,Cuenca,USR-3131,2
576,2025-11-04,Cuenca,USR-6400,2
577,2025-11-04,Cuenca,USR-3002,1
578,2025-11-04,Cuenca,USR-7929,4
579,2025-11-04,Cuenca,USR-1842,4
580,2025-11-04,Cuenca,USR-6761,3
581,2025-11-04,Cuenca,USR-2697,2
582,2025-11-04,Cuenca,USR-8900,3
583,2025-11-04,Cuenca,USR-4674,3
584,2025-11-04,Cuenca,USR-7022,2
585,2025-11-04,Cuenca,USR-2882,3
586,2025-11-04,Cuenca,USR-8030,2
587,2025-11-04,Cuenca,USR-1430,2
588,2025-11-04,Cuenca,USR-5381,2
589,2025-11-04,Cuenca,USR-1474,3
590,2025-11-04,Cuenca,USR-6062,4
591,2025-11-04,Cuenca,USR-6567,2
592,2025-11-04,Cuenca,USR-3347,3
593,2025-11-04,Cuenca,USR-7566,4
594,2025-11-04,Cuenca,USR-1502,3
595,2025-11-04,Cuenca,USR-2503,3
596,2025-11-04,Cuenca,USR-7878,2
597,2025-11-04,Cuenca,USR-8432,2
598,2025-11-04,Cuenca,USR-6314,4
599,2025-11-04,Cuenca,USR-2391,3
600,2025-11-04,Cuenca,USR-1815,2
601,2025-11-04,Ambato,USR-2336,3
602,2025-11-04,Ambato,USR-8957,4
603,2025-11-04,Ambato,USR-8242,2
604,2025-11-04,Ambato,USR-9394,3
605,2025-11-04,Ambato,USR-2864,3
606,2025-11-04,Ambato,USR-8972,3
607,2025-11-04,Ambato,USR-9633,3
608,2025-11-04,Ambato,USR-7475,3
609,2025-11-04,Ambato,USR-1897,4
610,2025-11-04,Ambato,USR-4460,3
611,2025-11-04,Ambato,USR-3248,3
612,2025-11-04,Ambato,USR-2965,2
613,2025-11-04,Ambato,USR-1126,2
614,2025-11-04,Ambato,USR-3116,3
615,2025-11-04,Ambato,USR-7229,2
616,2025-11-04,Ambato,USR-6802,3
617,2025-11-04,Ambato,USR-2180,2
618,2025-11-04,Ambato,USR-8147,4
619,2025-11-04,Ambato,USR-1307,2
620,2025-11-04,Ambato,USR-6129,3
621,2025-11-04,Ambato,USR-8033,2
622,2025-11-04,Ambato,USR-7843,2
623,2025-11-04,Ambato,USR-5743,3
624,2025-11-04,Ambato,USR-6321,3
625,2025-11-04,Ambato,USR-3815,3
626,2025-11-04,Ambato,USR-6928,2
627,2025-11-04,Ambato,USR-2443,2
628,2025-11-04,Ambato,USR-8138,3
629,2025-11-04,Ambato,USR-7560,2
630,2025-11-04,Ambato,USR-6083,3
631,2025-11-04,Ambato,USR-6562,3
632,2025-11-04,Ambato,USR-2251,4
633,2025-11-04,Ambato,USR-9363,2
634,2025-11-04,Ambato,USR-4176,2
635,2025-11-04,Ambato,USR-6724,1
636,2025-11-04,Ambato,USR-3419,5
637,2025-11-04,Ambato,USR-4871,3
638,2025-11-04,Ambato,USR-3842,3
639,2025-11-04,Ambato,USR-3504,3
640,2025-11-04,Ambato,USR-3902,1
641,2025-11-04,Ambato,USR-9095,2
642,2025-11-04,Ambato,USR-8354,3
643,2025-11-04,Ambato,USR-6295,4
644,2025-11-04,Ambato,USR-3473,2
645,2025-11-04,Ambato,USR-8205,4
646,2025-11-04,Ambato,USR-5961,3
647,2025-11-04,Ambato,USR-5500,2
648,2025-11-04,Ambato,USR-2215,2
649,2025-11-04,Ambato,USR-6085,3
650,2025-11-04,Ambato,USR-7041,3
651,2025-11-04,Manta,USR-5703,4
652,2025-11-04,Manta,USR-2479,4
653,2025-11-04,Manta,USR-9307,2
654,2025-11-04,Manta,USR-1672,4
655,2025-11-04,Manta,USR-8368,4
656,2025-11-04,Manta,USR-4084,2
657,2025-11-04,Manta,USR-6267,2
658,2025-11-04,Manta,USR-2013,2
659,2025-11-04,Manta,USR-8381,4
660,2025-11-04,Manta,USR-6626,4
661,2025-11-04,Manta,USR-2381,2
662,2025-11-04,Manta,USR-5059,3
663,2025-11-04,Manta,USR-8172,4
664,2025-11-04,Manta,USR-3600,3
665,2025-11-04,Manta,USR-6962,2
666,2025-11-04,Manta,USR-7697,3
667,2025-11-04,Manta,USR-6543,3
668,2025-11-04,Manta,USR-6482,3
669,2025-11-04,Manta,USR-2079,2
670,2025-11-04,Manta,USR-7333,4
671,2025-11-04,Manta,USR-5655,3
672,2025-11-04,Manta,USR-3463,5
673,2025-11-04,Manta,USR-6461,4
674,2025-11-04,Manta,USR-6731,3
675,2025-11-04,Manta,USR-6082,4
676,2025-11-04,Manta,USR-7421,3
677,2025-11-04,Manta,USR-3112,1
678,2025-11-04,Manta,USR-6072,2
679,2025-11-04,Manta,USR-7171,2
680,2025-11-04,Manta,USR-3093,2
681,2025-11-04,Manta,USR-9624,4
682,2025-11-04,Manta,USR-9331,4
683,2025-11-04,Manta,USR-6928,4
684,2025-11-04,Manta,USR-4509,3
685,2025-11-04,Manta,USR-6598,4
686,2025-11-04,Manta,USR-4711,2
687,2025-11-04,Manta,USR-3253,3
688,2025-11-04,Manta,USR-2657,3
689,2025-11-04,Manta,USR-9317,3
690,2025-11-04,Manta,USR-9626,1
691,2025-11-04,Manta,USR-1618,2
692,2025-11-04,Manta,USR-3147,1
693,2025-11-04,Manta,USR-7172,3
694,2025-11-04,Manta,USR-3712,3
695,2025-11-04,Manta,USR-8170,4
696,2025-11-04,Manta,USR-4891,3
697,2025-11-04,Manta,USR-8277,2
698,2025-11-04,Manta,USR-8355,2
699,2025-11-04,Manta,USR-4833,2
700,2025-11-04,Manta,USR-8684,3
701,2025-11-05,Quito,USR-4178,1
702,2025-11-05,Quito,USR-8218,4
703,2025-11-05,Quito,USR-8564,3
704,2025-11-05,Quito,USR-9239,1
705,2025-11-05,Quito,USR-9641,2
706,2025-11-05,Quito,USR-4271,3
707,2025-11-05,Quito,USR-3267,3
708,2025-11-05,Quito,USR-8873,3
709,2025-11-05,Quito,USR-7081,2
710,2025-11-05,Quito,USR-9452,3
711,2025-11-05,Quito,USR-3042,2
712,2025-11-05,Quito,USR-5469,4
713,2025-11-05,Quito,USR-8361,3
714,2025-11-05,Quito,USR-8167,3
715,2025-11-05,Quito,USR-2502,3
716,2025-11-05,Quito,USR-8391,3
717,2025-11-05,Quito,USR-6727,4
718,2025-11-05,Quito,USR-7495,2
719,2025-11-05,Quito,USR-9224,2
720,2025-11-05,Quito,USR-2337,3
721,2025-11-05,Quito,USR-7142,3
722,2025-11-05,Quito,USR-2623,4
723,2025-11-05,Quito,USR-6493,3
724,2025-11-05,Quito,USR-5700,2
725,2025-11-05,Quito,USR-8740,3
726,2025-11-05,Quito,USR-8685,2
727,2025-11-05,Quito,USR-8349,1
728,2025-11-05,Quito,USR-1311,2
729,2025-11-05,Quito,USR-5193,3
730,2025-11-05,Quito,USR-9647,3
731,2025-11-05,Quito,USR-7934,3
732,2025-11-05,Quito,USR-5934,3
733,2025-11-05,Quito,USR-2996,4
734,2025-11-05,Quito,USR-8489,3
735,2025-11-05,Quito,USR-2029,4
736,2025-11-05,Quito,USR-9782,4
737,2025-11-05,Quito,USR-1269,2
738,2025-11-05,Quito,USR-3352,2
739,2025-11-05,Quito,USR-5772,2
740,2025-11-05,Quito,USR-4941,3
741,2025-11-05,Quito,USR-7825,3
742,2025-11-05,Quito,USR-9576,4
743,2025-11-05,Quito,USR-6908,4
744,2025-11-05,Quito,USR-9312,3
745,2025-11-05,Quito,USR-9316,2
746,2025-11-05,Quito,USR-8702,3
747,2025-11-05,Quito,USR-1713,1
748,2025-11-05,Quito,USR-5155,1
749,2025-11-05,Quito,USR-1266,3
750,2025-11-05,Quito,USR-4950,3
751,2025-11-05,Quito,USR-2698,3
752,2025-11-05,Quito,USR-6447,1
753,2025-11-05,Quito,USR-3185,4
754,2025-11-05,Quito,USR-3868,3
755,2025-11-05,Quito,USR-8612,4
756,2025-11-05,Quito,USR-3986,3
757,2025-11-05,Quito,USR-3209,4
758,2025-11-05,Quito,USR-8498,3
759,2025-11-05,Quito,USR-1605,3
760,2025-11-05,Quito,USR-4268,3
761,2025-11-05,Quito,USR-1686,2
762,2025-11-05,Quito,USR-7524,4
763,2025-11-05,Quito,USR-9897,3
764,2025-11-05,Quito,USR-4131,3
765,2025-11-05,Quito,USR-5687,2
766,2025-11-05,Quito,USR-6438,4
767,2025-11-05,Quito,USR-5476,3
768,2025-11-05,Quito,USR-7553,3
769,2025-11-05,Quito,USR-8204,4
770,2025-11-05,Quito,USR-4060,2
771,2025-11-05,Quito,USR-9129,2
772,2025-11-05,Quito,USR-9507,2
773,2025-11-05,Quito,USR-5369,3
774,2025-11-05,Quito,USR-2293,1
775,2025-11-05,Quito,USR-8055,1
776,2025-11-05,Quito,USR-9937,2
777,2025-11-05,Quito,USR-5813,3
778,2025-11-05,Quito,USR-5843,3
779,2025-11-05,Quito,USR-6021,1
780,2025-11-05,Quito,USR-3730,3
781,2025-11-05,Quito,USR-8272,3
782,2025-11-05,Quito,USR-6776,3
783,2025-11-05,Quito,USR-8126,2
784,2025-11-05,Quito,USR-1939,5
785,2025-11-05,Quito,USR-2229,2
786,2025-11-05,Quito,USR-9406,2
787,2025-11-05,Quito,USR-3621,3
788,2025-11-05,Quito,USR-8179,3
789,2025-11-05,Quito,USR-1570,3
790,2025-11-05,Quito,USR-7001,3
791,2025-11-05,Quito,USR-6933,2
792,2025-11-05,Quito,USR-3513,4
793,2025-11-05,Quito,USR-8371,4
794,2025-11-05,Quito,USR-2259,3
795,2025-11-05,Quito,USR-3255,2
796,2025-11-05,Quito,USR-5566,3
797,2025-11-05,Quito,USR-5089,3
798,2025-11-05,Quito,USR-4048,3
799,2025-11-05,Quito,USR-9176,1
800,2025-11-05,Quito,USR-2929,3
801,2025-11-05,Guayaquil,USR-5288,3
802,2025-11-05,Guayaquil,USR-4515,1
803,2025-11-05,Guayaquil,USR-5678,2
804,2025-11-05,Guayaquil,USR-4279,1
805,2025-11-05,Guayaquil,USR-3009,3
806,2025-11-05,Guayaquil,USR-3828,3
807,2025-11-05,Guayaquil,USR-8292,4
808,2025-11-05,Guayaquil,USR-6236,3
809,2025-11-05,Guayaquil,USR-6692,3
810,2025-11-05,Guayaquil,USR-5757,2
811,2025-11-05,Guayaquil,USR-5914,4
812,2025-11-05,Guayaquil,USR-3852,2
813,2025-11-05,Guayaquil,USR-6922,2
814,2025-11-05,Guayaquil,USR-4292,3
815,2025-11-05,Guayaquil,USR-3275,3
816,2025-11-05,Guayaquil,USR-6912,4
817,2025-11-05,Guayaquil,USR-7044,1
818,2025-11-05,Guayaquil,USR-3126,3
819,2025-11-05,Guayaquil,USR-2412,4
820,2025-11-05,Guayaquil,USR-8842,3
821,2025-11-05,Guayaquil,USR-9612,2
822,2025-11-05,Guayaquil,USR-2208,3
823,2025-11-05,Guayaquil,USR-3053,4
824,2025-11-05,Guayaquil,USR-8372,3
825,2025-11-05,Guayaquil,USR-8632,2
826,2025-11-05,Guayaquil,USR-3981,2
827,2025-11-05,Guayaquil,USR-3114,1
828,2025-11-05,Guayaquil,USR-1907,4
829,2025-11-05,Guayaquil,USR-3034,2
830,2025-11-05,Guayaquil,USR-3653,3
831,2025-11-05,Guayaquil,USR-6286,3
832,2025-11-05,Guayaquil,USR-9501,3
833,2025-11-05,Guayaquil,USR-5653,3
834,2025-11-05,Guayaquil,USR-5496,2
835,2025-11-05,Guayaquil,USR-3050,2
836,2025-11-05,Guayaquil,USR-2530,2
837,2025-11-05,Guayaquil,USR-9234,2
838,2025-11-05,Guayaquil,USR-3526,2
839,2025-11-05,Guayaquil,USR-3804,2
840,2025-11-05,Guayaquil,USR-6531,2
841,2025-11-05,Guayaquil,USR-1674,3
842,2025-11-05,Guayaquil,USR-1744,3
843,2025-11-05,Guayaquil,USR-5336,2
844,2025-11-05,Guayaquil,USR-7825,2
845,2025-11-05,Guayaquil,USR-1496,2
846,2025-11-05,Guayaquil,USR-5745,3
847,2025-11-05,Guayaquil,USR-5949,1
848,2025-11-05,Guayaquil,USR-7653,3
849,2025-11-05,Guayaquil,USR-5873,1
850,2025-11-05,Guayaquil,USR-3589,3
851,2025-11-05,Guayaquil,USR-8202,2
852,2025-11-05,Guayaquil,USR-6573,3
853,2025-11-05,Guayaquil,USR-3353,2
854,2025-11-05,Guayaquil,USR-6658,4
855,2025-11-05,Guayaquil,USR-7532,3
856,2025-11-05,Guayaquil,USR-2739,3
857,2025-11-05,Guayaquil,USR-6228,3
858,2025-11-05,Guayaquil,USR-8366,3
859,2025-11-05,Guayaquil,USR-5061,3
860,2025-11-05,Guayaquil,USR-7293,3
861,2025-11-05,Guayaquil,USR-7850,3
862,2025-11-05,Guayaquil,USR-3616,5
863,2025-11-05,Guayaquil,USR-6364,4
864,2025-11-05,Guayaquil,USR-4110,2
865,2025-11-05,Guayaquil,USR-3610,2
866,2025-11-05,Guayaquil,USR-9171,3
867,2025-11-05,Guayaquil,USR-6055,2
868,2025-11-05,Guayaquil,USR-7442,3
869,2025-11-05,Guayaquil,USR-9281,2
870,2025-11-05,Guayaquil,USR-6781,3
871,2025-11-05,Guayaquil,USR-1797,4
872,2025-11-05,Guayaquil,USR-8710,3
873,2025-11-05,Guayaquil,USR-5681,1
874,2025-11-05,Guayaquil,USR-8060,2
875,2025-11-05,Guayaquil,USR-3194,4
876,2025-11-05,Guayaquil,USR-7606,2
877,2025-11-05,Guayaquil,USR-6995,3
878,2025-11-05,Guayaquil,USR-4189,3
879,2025-11-05,Guayaquil,USR-6939,2
880,2025-11-05,Guayaquil,USR-9261,3
881,2025-11-05,Guayaquil,USR-8378,3
882,2025-11-05,Guayaquil,USR-2946,2
883,2025-11-05,Guayaquil,USR-3108,4
884,2025-11-05,Guayaquil,USR-6555,3
885,2025-11-05,Guayaquil,USR-6990,3
886,2025-11-05,Guayaquil,USR-9341,2
887,2025-11-05,Guayaquil,USR-7576,3
888,2025-11-05,Guayaquil,USR-3245,3
889,2025-11-05,Guayaquil,USR-6456,3
890,2025-11-05,Guayaquil,USR-3440,2
891,2025-11-05,Guayaquil,USR-9446,4
892,2025-11-05,Guayaquil,USR-6218,4
893,2025-11-05,Guayaquil,USR-3662,2
894,2025-11-05,Guayaquil,USR-5902,4
895,2025-11-05,Guayaquil,USR-6511,2
896,2025-11-05,Guayaquil,USR-9025,3
897,2025-11-05,Guayaquil,USR-5911,3
898,2025-11-05,Guayaquil,USR-6427,3
899,2025-11-05,Guayaquil,USR-2795,4
900,2025-11-05,Guayaquil,USR-1436,3
901,2025-11-05,Cuenca,USR-8775,3
902,2025-11-05,Cuenca,USR-4728,4
903,2025-11-05,Cuenca,USR-1841,2
904,2025-11-05,Cuenca,USR-7229,3
905,2025-11-05,Cuenca,USR-3421,3
906,2025-11-05,Cuenca,USR-2800,2
907,2025-11-05,Cuenca,USR-4125,4
908,2025-11-05,Cuenca,USR-3481,3
909,2025-11-05,Cuenca,USR-7765,2
910,2025-11-05,Cuenca,USR-8726,2
911,2025-11-05,Cuenca,USR-2020,3
912,2025-11-05,Cuenca,USR-6325,2
913,2025-11-05,Cuenca,USR-8837,2
914,2025-11-05,Cuenca,USR-3837,3
915,2025-11-05,Cuenca,USR-8531,4
916,2025-11-05,Cuenca,USR-6804,2
917,2025-11-05,Cuenca,USR-5331,2
918,2025-11-05,Cuenca,USR-5038,2
919,2025-11-05,Cuenca,USR-5571,2
920,2025-11-05,Cuenca,USR-5876,3
921,2025-11-05,Cuenca,USR-5735,2
922,2025-11-05,Cuenca,USR-9011,1
923,2025-11-05,Cuenca,USR-6194,2
924,2025-11-05,Cuenca,USR-5480,3
925,2025-11-05,Cuenca,USR-5715,4
926,2025-11-05,Cuenca,USR-7220,4
927,2025-11-05,Cuenca,USR-7464,4
928,2025-11-05,Cuenca,USR-3399,1
929,2025-11-05,Cuenca,USR-5758,5
930,2025-11-05,Cuenca,USR-2294,3
931,2025-11-05,Cuenca,USR-6674,4
932,2025-11-05,Cuenca,USR-8849,2
933,2025-11-05,Cuenca,USR-4505,3
934,2025-11-05,Cuenca,USR-5450,4
935,2025-11-05,Cuenca,USR-3249,4
936,2025-11-05,Cuenca,USR-4920,4
937,2025-11-05,Cuenca,USR-4972,5
938,2025-11-05,Cuenca,USR-4697,3
939,2025-11-05,Cuenca,USR-4814,4
940,2025-11-05,Cuenca,USR-8739,3
941,2025-11-05,Cuenca,USR-2647,3
942,2025-11-05,Cuenca,USR-3587,2
943,2025-11-05,Cuenca,USR-7666,2
944,2025-11-05,Cuenca,USR-8793,1
945,2025-11-05,Cuenca,USR-8822,2
946,2025-11-05,Cuenca,USR-5706,2
947,2025-11-05,Cuenca,USR-6262,3
948,2025-11-05,Cuenca,USR-2465,3
949,2025-11-05,Cuenca,USR-4804,1
950,2025-11-05,Cuenca,USR-1611,2
951,2025-11-05,Ambato,USR-3868,1
952,2025-11-05,Ambato,USR-1595,4
953,2025-11-05,Ambato,USR-7504,3
954,2025-11-05,Ambato,USR-5742,2
955,2025-11-05,Ambato,USR-1613,4
956,2025-11-05,Ambato,USR-2758,3
957,2025-11-05,Ambato,USR-6489,2
958,2025-11-05,Ambato,USR-9901,5
959,2025-11-05,Ambato,USR-9590,1
960,2025-11-05,Ambato,USR-9261,3
961,2025-11-05,Ambato,USR-8668,3
962,2025-11-05,Ambato,USR-6417,4
963,2025-11-05,Ambato,USR-3662,3
964,2025-11-05,Ambato,USR-4050,2
965,2025-11-05,Ambato,USR-1230,3
966,2025-11-05,Ambato,USR-4164,1
967,2025-11-05,Ambato,USR-3875,2
968,2025-11-05,Ambato,USR-7643,2
969,2025-11-05,Ambato,USR-8007,2
970,2025-11-05,Ambato,USR-2562,3
971,2025-11-05,Ambato,USR-4027,4
972,2025-11-05,Ambato,USR-5064,3
973,2025-11-05,Ambato,USR-1111,3
974,2025-11-05,Ambato,USR-5374,3
975,2025-11-05,Ambato,USR-6400,2
976,2025-11-05,Ambato,USR-1187,4
977,2025-11-05,Ambato,USR-5285,2
978,2025-11-05,Ambato,USR-2017,2
979,2025-11-05,Ambato,USR-2936,2
980,2025-11-05,Ambato,USR-9233,3
981,2025-11-05,Ambato,USR-6095,2
982,2025-11-05,Ambato,USR-5833,2
983,2025-11-05,Ambato,USR-7021,2
984,2025-11-05,Ambato,USR-3188,2
985,2025-11-05,Ambato,USR-8834,4
986,2025-11-05,Ambato,USR-7121,4
987,2025-11-05,Ambato,USR-7813,2
988,2025-11-05,Ambato,USR-9806,1
989,2025-11-05,Ambato,USR-4578,3
990,2025-11-05,Ambato,USR-2341,1
991,2025-11-05,Ambato,USR-9609,1
992,2025-11-05,Ambato,USR-2279,3
993,2025-11-05,Ambato,USR-2838,4
994,2025-11-05,Ambato,USR-9281,3
995,2025-11-05,Ambato,USR-4312,2
996,2025-11-05,Ambato,USR-6375,3
997,2025-11-05,Ambato,USR-9525,2
998,2025-11-05,Ambato,USR-9008,3
999,2025-11-05,Ambato,USR-2489,4
1000,2025-11-05,Ambato,USR-1911,2
1001,2025-11-05,Manta,USR-8429,3
1002,2025-11-05,Manta,USR-1945,3
1003,2025-11-05,Manta,USR-8575,2
1004,2025-11-05,Manta,USR-1356,2
1005,2025-11-05,Manta,USR-7487,3
1006,2025-11-05,Manta,USR-4570,3
1007,2025-11-05,Manta,USR-2196,4
1008,2025-11-05,Manta,USR-2044,3
1009,2025-11-05,Manta,USR-9866,5
1010,2025-11-05,Manta,USR-2130,3
1011,2025-11-05,Manta,USR-8734,4
1012,2025-11-05,Manta,USR-3218,3
1013,2025-11-05,Manta,USR-7887,1
1014,2025-11-05,Manta,USR-8348,4
1015,2025-11-05,Manta,USR-7184,2
1016,2025-11-05,Manta,USR-9835,4
1017,2025-11-05,Manta,USR-3178,2
1018,2025-11-05,Manta,USR-3924,2
1019,2025-11-05,Manta,USR-9802,2
1020,2025-11-05,Manta,USR-4648,3
1021,2025-11-05,Manta,USR-1056,3
1022,2025-11-05,Manta,USR-8585,1
1023,2025-11-05,Manta,USR-9920,2
1024,2025-11-05,Manta,USR-4762,3
1025,2025-11-05,Manta,USR-5055,2
1026,2025-11-05,Manta,USR-4088,3
1027,2025-11-05,Manta,USR-2848,4
1028,2025-11-05,Manta,USR-1256,3
1029,2025-11-05,Manta,USR-4943,3
1030,2025-11-05,Manta,USR-1550,3
1031,2025-11-05,Manta,USR-8314,2
1032,2025-11-05,Manta,USR-1797,2
1033,2025-11-05,Manta,USR-5009,3
1034,2025-11-05,Manta,USR-4839,2
1035,2025-11-05,Manta,USR-9843,3
1036,2025-11-05,Manta,USR-1924,5
1037,2025-11-05,Manta,USR-3295,2
1038,2025-11-05,Manta,USR-6224,3
1039,2025-11-05,Manta,USR-6253,3
1040,2025-11-05,Manta,USR-9540,5
1041,2025-11-05,Manta,USR-4621,2
1042,2025-11-05,Manta,USR-3869,3
1043,2025-11-05,Manta,USR-7999,3
1044,2025-11-05,Manta,USR-6642,3
1045,2025-11-05,Manta,USR-7244,3
1046,2025-11-05,Manta,USR-7821,2
1047,2025-11-05,Manta,USR-7688,3
1048,2025-11-05,Manta,USR-9813,4
1049,2025-11-05,Manta,USR-8758,3
1050,2025-11-05,Manta,USR-3365,3
1051,2025-11-06,Quito,USR-8586,4
1052,2025-11-06,Quito,USR-7824,2
1053,2025-11-06,Quito,USR-9683,3
1054,2025-11-06,Quito,USR-4331,3
1055,2025-11-06,Quito,USR-6411,2
1056,2025-11-06,Quito,USR-7079,1
1057,2025-11-06,Quito,USR-2514,1
1058,2025-11-06,Quito,USR-1844,2
1059,2025-11-06,Quito,USR-5398,2
1060,2025-11-06,Quito,USR-1647,4
1061,2025-11-06,Quito,USR-2192,3
1062,2025-11-06,Quito,USR-4555,4
1063,2025-11-06,Quito,USR-8854,3
1064,2025-11-06,Quito,USR-5967,5
1065,2025-11-06,Quito,USR-1251,3
1066,2025-11-06,Quito,USR-2922,3
1067,2025-11-06,Quito,USR-8846,4
1068,2025-11-06,Quito,USR-4350,2
1069,2025-11-06,Quito,USR-7498,4
1070,2025-11-06,Quito,USR-5637,2
1071,2025-11-06,Quito,USR-7236,2
1072,2025-11-06,Quito,USR-6053,3
1073,2025-11-06,Quito,USR-5285,2
1074,2025-11-06,Quito,USR-8635,4
1075,2025-11-06,Quito,USR-2615,3
1076,2025-11-06,Quito,USR-6246,1
1077,2025-11-06,Quito,USR-4328,2
1078,2025-11-06,Quito,USR-4625,3
1079,2025-11-06,Quito,USR-3390,4
1080,2025-11-06,Quito,USR-7841,3
1081,2025-11-06,Quito,USR-5836,3
1082,2025-11-06,Quito,USR-7223,3
1083,2025-11-06,Quito,USR-5026,1
1084,2025-11-06,Quito,USR-6530,3
1085,2025-11-06,Quito,USR-5216,3
1086,2025-11-06,Quito,USR-9037,2
1087,2025-11-06,Quito,USR-8550,4
1088,2025-11-06,Quito,USR-3773,4
1089,2025-11-06,Quito,USR-3293,3
1090,2025-11-06,Quito,USR-9882,2
1091,2025-11-06,Quito,USR-1962,1
1092,2025-11-06,Quito,USR-2217,3
1093,2025-11-06,Quito,USR-1794,3
1094,2025-11-06,Quito,USR-4791,2
1095,2025-11-06,Quito,USR-2113,3
1096,2025-11-06,Quito,USR-9285,3
1097,2025-11-06,Quito,USR-8471,2
1098,2025-11-06,Quito,USR-8916,4
1099,2025-11-06,Quito,USR-8993,4
1100,2025-11-06,Quito,USR-7739,3
1101,2025-11-06,Quito,USR-1194,4
1102,2025-11-06,Quito,USR-9777,3
1103,2025-11-06,Quito,USR-5697,4
1104,2025-11-06,Quito,USR-8054,3
1105,2025-11-06,Quito,USR-3937,3
1106,2025-11-06,Quito,USR-3439,3
1107,2025-11-06,Quito,USR-4948,3
1108,2025-11-06,Quito,USR-6807,4
1109,2025-11-06,Quito,USR-5379,3
1110,2025-11-06,Quito,USR-7652,2
1111,2025-11-06,Quito,USR-8520,1
1112,2025-11-06,Quito,USR-4700,2
1113,2025-11-06,Quito,USR-5914,2
1114,2025-11-06,Quito,USR-1519,1
1115,2025-11-06,Quito,USR-2531,2
1116,2025-11-06,Quito,USR-8798,3
1117,2025-11-06,Quito,USR-1919,2
1118,2025-11-06,Quito,USR-2354,2
1119,2025-11-06,Quito,USR-9189,4
1120,2025-11-06,Quito,USR-6427,2
1121,2025-11-06,Quito,USR-2562,4
1122,2025-11-06,Quito,USR-4764,2
1123,2025-11-06,Quito,USR-4463,4
1124,2025-11-06,Quito,USR-8790,2
1125,2025-11-06,Quito,USR-5441,3
1126,2025-11-06,Quito,USR-5593,3
1127,2025-11-06,Quito,USR-9897,3
1128,2025-11-06,Quito,USR-6152,3
1129,2025-11-06,Quito,USR-1256,4
1130,2025-11-06,Quito,USR-7525,3
1131,2025-11-06,Quito,USR-2260,2
1132,2025-11-06,Quito,USR-7375,4
1133,2025-11-06,Quito,USR-9856,2
1134,2025-11-06,Quito,USR-3292,4
1135,2025-11-06,Quito,USR-2284,1
1136,2025-11-06,Quito,USR-1879,3
1137,2025-11-06,Quito,USR-2600,1
1138,2025-11-06,Quito,USR-6580,3
1139,2025-11-06,Quito,USR-7499,4
1140,2025-11-06,Quito,USR-5478,3
1141,2025-11-06,Quito,USR-8381,2
1142,2025-11-06,Quito,USR-7150,3
1143,2025-11-06,Quito,USR-8075,3
1144,2025-11-06,Quito,USR-7227,4
1145,2025-11-06,Quito,USR-2404,3
1146,2025-11-06,Quito,USR-5037,2
1147,2025-11-06,Quito,USR-2204,3
1148,2025-11-06,Quito,USR-3527,3
1149,2025-11-06,Quito,USR-7383,3
1150,2025-11-06,Quito,USR-1085,3
1151,2025-11-06,Guayaquil,USR-6050,1
1152,2025-11-06,Guayaquil,USR-2674,3
1153,2025-11-06,Guayaquil,USR-3170,4
1154,2025-11-06,Guayaquil,USR-9395,3
1155,2025-11-06,Guayaquil,USR-7685,3
1156,2025-11-06,Guayaquil,USR-2524,3
1157,2025-11-06,Guayaquil,USR-6315,3
1158,2025-11-06,Guayaquil,USR-7779,3
1159,2025-11-06,Guayaquil,USR-7353,3
1160,2025-11-06,Guayaquil,USR-4977,1
1161,2025-11-06,Guayaquil,USR-9537,3
1162,2025-11-06,Guayaquil,USR-3274,4
1163,2025-11-06,Guayaquil,USR-5405,2
1164,2025-11-06,Guayaquil,USR-2036,4
1165,2025-11-06,Guayaquil,USR-3739,2
1166,2025-11-06,Guayaquil,USR-8933,3
1167,2025-11-06,Guayaquil,USR-2260,1
1168,2025-11-06,Guayaquil,USR-9123,4
1169,2025-11-06,Guayaquil,USR-4203,2
1170,2025-11-06,Guayaquil,USR-1110,3
1171,2025-11-06,Guayaquil,USR-7483,2
1172,2025-11-06,Guayaquil,USR-6399,4
1173,2025-11-06,Guayaquil,USR-8212,2
1174,2025-11-06,Guayaquil,USR-3230,4
1175,2025-11-06,Guayaquil,USR-5922,2
1176,2025-11-06,Guayaquil,USR-4290,5
1177,2025-11-06,Guayaquil,USR-8848,2
1178,2025-11-06,Guayaquil,USR-6228,5
1179,2025-11-06,Guayaquil,USR-5775,3
1180,2025-11-06,Guayaquil,USR-4971,2
1181,2025-11-06,Guayaquil,USR-6339,2
1182,2025-11-06,Guayaquil,USR-7437,4
1183,2025-11-06,Guayaquil,USR-6980,4
1184,2025-11-06,Guayaquil,USR-9939,4
1185,2025-11-06,Guayaquil,USR-3947,2
1186,2025-11-06,Guayaquil,USR-8563,2
1187,2025-11-06,Guayaquil,USR-4434,2
1188,2025-11-06,Guayaquil,USR-2133,3
1189,2025-11-06,Guayaquil,USR-7703,3
1190,2025-11-06,Guayaquil,USR-5961,2
1191,2025-11-06,Guayaquil,USR-4965,3
1192,2025-11-06,Guayaquil,USR-7932,3
1193,2025-11-06,Guayaquil,USR-7176,5
1194,2025-11-06,Guayaquil,USR-8851,4
1195,2025-11-06,Guayaquil,USR-7566,1
1196,2025-11-06,Guayaquil,USR-7853,2
1197,2025-11-06,Guayaquil,USR-9907,5
1198,2025-11-06,Guayaquil,USR-9796,3
1199,2025-11-06,Guayaquil,USR-2392,3
1200,2025-11-06,Guayaquil,USR-6816,3
1201,2025-11-06,Guayaquil,USR-3725,3
1202,2025-11-06,Guayaquil,USR-7547,3
1203,2025-11-06,Guayaquil,USR-6432,4
1204,2025-11-06,Guayaquil,USR-1172,3
1205,2025-11-06,Guayaquil,USR-2615,3
1206,2025-11-06,Guayaquil,USR-9499,4
1207,2025-11-06,Guayaquil,USR-4621,2
1208,2025-11-06,Guayaquil,USR-9199,3
1209,2025-11-06,Guayaquil,USR-3469,3
1210,2025-11-06,Guayaquil,USR-2712,3
1211,2025-11-06,Guayaquil,USR-5840,1
1212,2025-11-06,Guayaquil,USR-2901,4
1213,2025-11-06,Guayaquil,USR-3321,2
1214,2025-11-06,Guayaquil,USR-4389,3
1215,2025-11-06,Guayaquil,USR-9537,2
1216,2025-11-06,Guayaquil,USR-8178,3
1217,2025-11-06,Guayaquil,USR-8412,2
1218,2025-11-06,Guayaquil,USR-2885,3
1219,2025-11-06,Guayaquil,USR-1370,4
1220,2025-11-06,Guayaquil,USR-3692,2
1221,2025-11-06,Guayaquil,USR-4996,2
1222,2025-11-06,Guayaquil,USR-6422,3
1223,2025-11-06,Guayaquil,USR-7985,3
1224,2025-11-06,Guayaquil,USR-7636,3
1225,2025-11-06,Guayaquil,USR-4022,3
1226,2025-11-06,Guayaquil,USR-7481,4
1227,2025-11-06,Guayaquil,USR-1478,3
1228,2025-11-06,Guayaquil,USR-8365,1
1229,2025-11-06,Guayaquil,USR-8037,2
1230,2025-11-06,Guayaquil,USR-4371,4
1231,2025-11-06,Guayaquil,USR-5560,3
1232,2025-11-06,Guayaquil,USR-2025,1
1233,2025-11-06,Guayaquil,USR-2667,3
1234,2025-11-06,Guayaquil,USR-6993,2
1235,2025-11-06,Guayaquil,USR-6340,3
1236,2025-11-06,Guayaquil,USR-9019,3
1237,2025-11-06,Guayaquil,USR-9646,4
1238,2025-11-06,Guayaquil,USR-7367,3
1239,2025-11-06,Guayaquil,USR-7431,2
1240,2025-11-06,Guayaquil,USR-8501,2
1241,2025-11-06,Guayaquil,USR-3826,3
1242,2025-11-06,Guayaquil,USR-5873,2
1243,2025-11-06,Guayaquil,USR-2388,2
1244,2025-11-06,Guayaquil,USR-4908,2
1245,2025-11-06,Guayaquil,USR-6003,3
1246,2025-11-06,Guayaquil,USR-3316,3
1247,2025-11-06,Guayaquil,USR-9369,2
1248,2025-11-06,Guayaquil,USR-7286,4
1249,2025-11-06,Guayaquil,USR-7931,3
1250,2025-11-06,Guayaquil,USR-3838,4
1251,2025-11-06,Cuenca,USR-3733,2
1252,2025-11-06,Cuenca,USR-6154,3
1253,2025-11-06,Cuenca,USR-8389,1
1254,2025-11-06,Cuenca,USR-1157,2
1255,2025-11-06,Cuenca,USR-8939,4
1256,2025-11-06,Cuenca,USR-9281,4
1257,2025-11-06,Cuenca,USR-9109,2
1258,2025-11-06,Cuenca,USR-8272,3
1259,2025-11-06,Cuenca,USR-9006,3
1260,2025-11-06,Cuenca,USR-4613,4
1261,2025-11-06,Cuenca,USR-5785,3
1262,2025-11-06,Cuenca,USR-5729,3
1263,2025-11-06,Cuenca,USR-3755,3
1264,2025-11-06,Cuenca,USR-9115,2
1265,2025-11-06,Cuenca,USR-9369,3
1266,2025-11-06,Cuenca,USR-9898,3
1267,2025-11-06,Cuenca,USR-7010,1
1268,2025-11-06,Cuenca,USR-8231,2
1269,2025-11-06,Cuenca,USR-9951,3
1270,2025-11-06,Cuenca,USR-5055,4
1271,2025-11-06,Cuenca,USR-5877,3
1272,2025-11-06,Cuenca,USR-5305,3
1273,2025-11-06,Cuenca,USR-6711,3
1274,2025-11-06,Cuenca,USR-2923,3
1275,2025-11-06,Cuenca,USR-4882,3
1276,2025-11-06,Cuenca,USR-6744,4
1277,2025-11-06,Cuenca,USR-8015,3
1278,2025-11-06,Cuenca,USR-4385,3
1279,2025-11-06,Cuenca,USR-4390,3
1280,2025-11-06,Cuenca,USR-9720,2
1281,2025-11-06,Cuenca,USR-5605,2
1282,2025-11-06,Cuenca,USR-5794,2
1283,2025-11-06,Cuenca,USR-5740,1
1284,2025-11-06,Cuenca,USR-9428,2
1285,2025-11-06,Cuenca,USR-2560,4
1286,2025-11-06,Cuenca,USR-7743,4
1287,2025-11-06,Cuenca,USR-1971,5
1288,2025-11-06,Cuenca,USR-3078,3
1289,2025-11-06,Cuenca,USR-3174,3
1290,2025-11-06,Cuenca,USR-5055,4
1291,2025-11-06,Cuenca,USR-7434,2
1292,2025-11-06,Cuenca,USR-5402,3
1293,2025-11-06,Cuenca,USR-7786,3
1294,2025-11-06,Cuenca,USR-2525,3
1295,2025-11-06,Cuenca,USR-7600,2
1296,2025-11-06,Cuenca,USR-7046,3
1297,2025-11-06,Cuenca,USR-8449,4
1298,2025-11-06,Cuenca,USR-1040,3
1299,2025-11-06,Cuenca,USR-2526,3
1300,2025-11-06,Cuenca,USR-6869,2
1301,2025-11-06,Ambato,USR-2037,3
1302,2025-11-06,Ambato,USR-8039,2
1303,2025-11-06,Ambato,USR-4470,2
1304,2025-11-06,Ambato,USR-5646,3
1305,2025-11-06,Ambato,USR-6533,2
1306,2025-11-06,Ambato,USR-8951,3
1307,2025-11-06,Ambato,USR-6631,4
1308,2025-11-06,Ambato,USR-1752,2
1309,2025-11-06,Ambato,USR-2631,2
1310,2025-11-06,Ambato,USR-1266,2
1311,2025-11-06,Ambato,USR-3035,3
1312,2025-11-06,Ambato,USR-8479,3
1313,2025-11-06,Ambato,USR-1011,4
1314,2025-11-06,Ambato,USR-3161,3
1315,2025-11-06,Ambato,USR-5945,4
1316,2025-11-06,Ambato,USR-5489,5
1317,2025-11-06,Ambato,USR-2529,2
1318,2025-11-06,Ambato,USR-7092,2
1319,2025-11-06,Ambato,USR-3711,4
1320,2025-11-06,Ambato,USR-4836,3
1321,2025-11-06,Ambato,USR-8032,2
1322,2025-11-06,Ambato,USR-1017,2
1323,2025-11-06,Ambato,USR-4496,2
1324,2025-11-06,Ambato,USR-4705,3
1325,2025-11-06,Ambato,USR-9510,3
1326,2025-11-06,Ambato,USR-6629,3
1327,2025-11-06,Ambato,USR-2975,4
1328,2025-11-06,Ambato,USR-3165,3
1329,2025-11-06,Ambato,USR-8826,4
1330,2025-11-06,Ambato,USR-2678,3
1331,2025-11-06,Ambato,USR-2690,2
1332,2025-11-06,Ambato,USR-3246,5
1333,2025-11-06,Ambato,USR-7270,3
1334,2025-11-06,Ambato,USR-3181,1
1335,2025-11-06,Ambato,USR-3340,4
1336,2025-11-06,Ambato,USR-3688,3
1337,2025-11-06,Ambato,USR-8210,2
1338,2025-11-06,Ambato,USR-3480,3
1339,2025-11-06,Ambato,USR-7745,2
1340,2025-11-06,Ambato,USR-4559,2
1341,2025-11-06,Ambato,USR-2420,3
1342,2025-11-06,Ambato,USR-3017,3
1343,2025-11-06,Ambato,USR-7291,2
1344,2025-11-06,Ambato,USR-3290,4
1345,2025-11-06,Ambato,USR-5059,3
1346,2025-11-06,Ambato,USR-5668,3
1347,2025-11-06,Ambato,USR-1439,4
1348,2025-11-06,Ambato,USR-5942,2
1349,2025-11-06,Ambato,USR-4366,2
1350,2025-11-06,Ambato,USR-7418,3
1351,2025-11-06,Manta,USR-5842,2
1352,2025-11-06,Manta,USR-4921,2
1353,2025-11-06,Manta,USR-9108,2
1354,2025-11-06,Manta,USR-2163,3
1355,2025-11-06,Manta,USR-9655,3
1356,2025-11-06,Manta,USR-6916,3
1357,2025-11-06,Manta,USR-6185,4
1358,2025-11-06,Manta,USR-7895,4
1359,2025-11-06,Manta,USR-6986,2
1360,2025-11-06,Manta,USR-8717,3
1361,2025-11-06,Manta,USR-2195,3
1362,2025-11-06,Manta,USR-5295,3
1363,2025-11-06,Manta,USR-4534,3
1364,2025-11-06,Manta,USR-7520,3
1365,2025-11-06,Manta,USR-9300,2
1366,2025-11-06,Manta,USR-7806,4
1367,2025-11-06,Manta,USR-7939,3
1368,2025-11-06,Manta,USR-9791,2
1369,2025-11-06,Manta,USR-9808,2
1370,2025-11-06,Manta,USR-6077,2
1371,2025-11-06,Manta,USR-2294,2
1372,2025-11-06,Manta,USR-3545,3
1373,2025-11-06,Manta,USR-9788,2
1374,2025-11-06,Manta,USR-2083,4
1375,2025-11-06,Manta,USR-6081,2
1376,2025-11-06,Manta,USR-4909,1
1377,2025-11-06,Manta,USR-1948,3
1378,2025-11-06,Manta,USR-2900,5
1379,2025-11-06,Manta,USR-8428,3
1380,2025-11-06,Manta,USR-3877,3
1381,2025-11-06,Manta,USR-2956,3
1382,2025-11-06,Manta,USR-1185,3
1383,2025-11-06,Manta,USR-3684,2
1384,2025-11-06,Manta,USR-9474,3
1385,2025-11-06,Manta,USR-5247,3
1386,2025-11-06,Manta,USR-5403,3
1387,2025-11-06,Manta,USR-2934,3
1388,2025-11-06,Manta,USR-8034,3
1389,2025-11-06,Manta,USR-5456,2
1390,2025-11-06,Manta,USR-2262,3
1391,2025-11-06,Manta,USR-9128,2
1392,2025-11-06,Manta,USR-9185,3
1393,2025-11-06,Manta,USR-3734,2
1394,2025-11-06,Manta,USR-2685,3
1395,2025-11-06,Manta,USR-2889,3
1396,2025-11-06,Manta,USR-1721,4
1397,2025-11-06,Manta,USR-1201,3
1398,2025-11-06,Manta,USR-7274,4
1399,2025-11-06,Manta,USR-3458,4
1400,2025-11-06,Manta,USR-1579,5
1401,2025-11-07,Quito,USR-7870,3
1402,2025-11-07,Quito,USR-6241,3
1403,2025-11-07,Quito,USR-5444,3
1404,2025-11-07,Quito,USR-2956,2
1405,2025-11-07,Quito,USR-9225,3
1406,2025-11-07,Quito,USR-4656,3
1407,2025-11-07,Quito,USR-9450,5
1408,2025-11-07,Quito,USR-2129,3
1409,2025-11-07,Quito,USR-8620,4
1410,2025-11-07,Quito,USR-6090,2
1411,2025-11-07,Quito,USR-6362,4
1412,2025-11-07,Quito,USR-7044,3
1413,2025-11-07,Quito,USR-4287,2
1414,2025-11-07,Quito,USR-4974,4
1415,2025-11-07,Quito,USR-8600,1
1416,2025-11-07,Quito,USR-4201,5
1417,2025-11-07,Quito,USR-9954,3
1418,2025-11-07,Quito,USR-1104,2
1419,2025-11-07,Quito,USR-7718,4
1420,2025-11-07,Quito,USR-1157,3
1421,2025-11-07,Quito,USR-6488,4
1422,2025-11-07,Quito,USR-6038,3
1423,2025-11-07,Quito,USR-2703,4
1424,2025-11-07,Quito,USR-7878,5
1425,2025-11-07,Quito,USR-9061,5
1426,2025-11-07,Quito,USR-3332,2
1427,2025-11-07,Quito,USR-5584,4
1428,2025-11-07,Quito,USR-9515,4
1429,2025-11-07,Quito,USR-7767,3
1430,2025-11-07,Quito,USR-2391,2
1431,2025-11-07,Quito,USR-2565,2
1432,2025-11-07,Quito,USR-7461,3
1433,2025-11-07,Quito,USR-2226,3
1434,2025-11-07,Quito,USR-3141,3
1435,2025-11-07,Quito,USR-4879,2
1436,2025-11-07,Quito,USR-7438,4
1437,2025-11-07,Quito,USR-6345,3
1438,2025-11-07,Quito,USR-2223,3
1439,2025-11-07,Quito,USR-4321,4
1440,2025-11-07,Quito,USR-2785,4
1441,2025-11-07,Quito,USR-3546,4
1442,2025-11-07,Quito,USR-6145,3
1443,2025-11-07,Quito,USR-7660,3
1444,2025-11-07,Quito,USR-4401,3
1445,2025-11-07,Quito,USR-8404,3
1446,2025-11-07,Quito,USR-2964,3
1447,2025-11-07,Quito,USR-2481,4
1448,2025-11-07,Quito,USR-1660,4
1449,2025-11-07,Quito,USR-4522,3
1450,2025-11-07,Quito,USR-2494,2
1451,2025-11-07,Quito,USR-5066,4
1452,2025-11-07,Quito,USR-1802,3
1453,2025-11-07,Quito,USR-5896,3
1454,2025-11-07,Quito,USR-1509,6
1455,2025-11-07,Quito,USR-7625,4
1456,2025-11-07,Quito,USR-5093,2
1457,2025-11-07,Quito,USR-2551,1
1458,2025-11-07,Quito,USR-3290,3
1459,2025-11-07,Quito,USR-2989,4
1460,2025-11-07,Quito,USR-4641,3
1461,2025-11-07,Quito,USR-3141,3
1462,2025-11-07,Quito,USR-2376,4
1463,2025-11-07,Quito,USR-5240,3
1464,2025-11-07,Quito,USR-2056,3
1465,2025-11-07,Quito,USR-4239,4
1466,2025-11-07,Quito,USR-3110,2
1467,2025-11-07,Quito,USR-2506,4
1468,2025-11-07,Quito,USR-6432,2
1469,2025-11-07,Quito,USR-3007,4
1470,2025-11-07,Quito,USR-3752,3
1471,2025-11-07,Quito,USR-8096,3
1472,2025-11-07,Quito,USR-1483,2
1473,2025-11-07,Quito,USR-7270,3
1474,2025-11-07,Quito,USR-4517,2
1475,2025-11-07,Quito,USR-4066,3
1476,2025-11-07,Quito,USR-3435,4
1477,2025-11-07,Quito,USR-1567,2
1478,2025-11-07,Quito,USR-5835,2
1479,2025-11-07,Quito,USR-9173,2
1480,2025-11-07,Quito,USR-1999,3
1481,2025-11-07,Quito,USR-2437,3
1482,2025-11-07,Quito,USR-4267,3
1483,2025-11-07,Quito,USR-9614,3
1484,2025-11-07,Quito,USR-9907,6
1485,2025-11-07,Quito,USR-1319,4
1486,2025-11-07,Quito,USR-6883,3
1487,2025-11-07,Quito,USR-8859,2
1488,2025-11-07,Quito,USR-9231,3
1489,2025-11-07,Quito,USR-6269,2
1490,2025-11-07,Quito,USR-6224,3
1491,2025-11-07,Quito,USR-4588,4
1492,2025-11-07,Quito,USR-5602,3
1493,2025-11-07,Quito,USR-1959,3
1494,2025-11-07,Quito,USR-6856,2
1495,2025-11-07,Quito,USR-4813,3
1496,2025-11-07,Quito,USR-4951,3
1497,2025-11-07,Quito,USR-5366,1
1498,2025-11-07,Quito,USR-1916,2
1499,2025-11-07,Quito,USR-4594,1
1500,2025-11-07,Quito,USR-7363,2
1501,2025-11-07,Guayaquil,USR-6813,5
1502,2025-11-07,Guayaquil,USR-3846,2
1503,2025-11-07,Guayaquil,USR-3885,3
1504,2025-11-07,Guayaquil,USR-6878,4
1505,2025-11-07,Guayaquil,USR-1462,3
1506,2025-11-07,Guayaquil,USR-3328,2
1507,2025-11-07,Guayaquil,USR-4084,4
1508,2025-11-07,Guayaquil,USR-9064,1
1509,2025-11-07,Guayaquil,USR-9882,2
1510,2025-11-07,Guayaquil,USR-2478,4
1511,2025-11-07,Guayaquil,USR-1920,3
1512,2025-11-07,Guayaquil,USR-9625,3
1513,2025-11-07,Guayaquil,USR-8831,5
1514,2025-11-07,Guayaquil,USR-4300,3
1515,2025-11-07,Guayaquil,USR-3137,2
1516,2025-11-07,Guayaquil,USR-6301,3
1517,2025-11-07,Guayaquil,USR-1975,4
1518,2025-11-07,Guayaquil,USR-3320,3
1519,2025-11-07,Guayaquil,USR-2817,4
1520,2025-11-07,Guayaquil,USR-2188,1
1521,2025-11-07,Guayaquil,USR-7120,2
1522,2025-11-07,Guayaquil,USR-2655,2
1523,2025-11-07,Guayaquil,USR-6514,3
1524,2025-11-07,Guayaquil,USR-3580,3
1525,2025-11-07,Guayaquil,USR-8157,3
1526,2025-11-07,Guayaquil,USR-6198,1
1527,2025-11-07,Guayaquil,USR-3854,2
1528,2025-11-07,Guayaquil,USR-6846,2
1529,2025-11-07,Guayaquil,USR-4657,2
1530,2025-11-07,Guayaquil,USR-7199,1
1531,2025-11-07,Guayaquil,USR-6026,3
1532,2025-11-07,Guayaquil,USR-3911,2
1533,2025-11-07,Guayaquil,USR-1029,5
1534,2025-11-07,Guayaquil,USR-7415,2
1535,2025-11-07,Guayaquil,USR-1530,3
1536,2025-11-07,Guayaquil,USR-4619,4
1537,2025-11-07,Guayaquil,USR-2705,3
1538,2025-11-07,Guayaquil,USR-2274,3
1539,2025-11-07,Guayaquil,USR-4899,2
1540,2025-11-07,Guayaquil,USR-2453,3
1541,2025-11-07,Guayaquil,USR-6500,2
1542,2025-11-07,Guayaquil,USR-5088,3
1543,2025-11-07,Guayaquil,USR-2110,2
1544,2025-11-07,Guayaquil,USR-1020,4
1545,2025-11-07,Guayaquil,USR-1788,2
1546,2025-11-07,Guayaquil,USR-3725,4
1547,2025-11-07,Guayaquil,USR-7783,2
1548,2025-11-07,Guayaquil,USR-9946,3
1549,2025-11-07,Guayaquil,USR-7149,4
1550,2025-11-07,Guayaquil,USR-4695,3
1551,2025-11-07,Guayaquil,USR-3664,1
1552,2025-11-07,Guayaquil,USR-1547,3
1553,2025-11-07,Guayaquil,USR-5831,3
1554,2025-11-07,Guayaquil,USR-2715,3
1555,2025-11-07,Guayaquil,USR-2215,2
1556,2025-11-07,Guayaquil,USR-3636,4
1557,2025-11-07,Guayaquil,USR-2228,1
1558,2025-11-07,Guayaquil,USR-2525,2
1559,2025-11-07,Guayaquil,USR-6536,2
1560,2025-11-07,Guayaquil,USR-8909,2
1561,2025-11-07,Guayaquil,USR-1507,2
1562,2025-11-07,Guayaquil,USR-8113,3
1563,2025-11-07,Guayaquil,USR-3573,4
1564,2025-11-07,Guayaquil,USR-4112,3
1565,2025-11-07,Guayaquil,USR-7705,2
1566,2025-11-07,Guayaquil,USR-9849,1
1567,2025-11-07,Guayaquil,USR-5346,2
1568,2025-11-07,Guayaquil,USR-2571,2
1569,2025-11-07,Guayaquil,USR-1813,2
1570,2025-11-07,Guayaquil,USR-9043,4
1571,2025-11-07,Guayaquil,USR-3516,3
1572,2025-11-07,Guayaquil,USR-2435,3
1573,2025-11-07,Guayaquil,USR-5825,3
1574,2025-11-07,Guayaquil,USR-8869,2
1575,2025-11-07,Guayaquil,USR-4271,3
1576,2025-11-07,Guayaquil,USR-5781,3
1577,2025-11-07,Guayaquil,USR-2342,2
1578,2025-11-07,Guayaquil,USR-7512,3
1579,2025-11-07,Guayaquil,USR-8715,1
1580,2025-11-07,Guayaquil,USR-2493,3
1581,2025-11-07,Guayaquil,USR-9914,2
1582,2025-11-07,Guayaquil,USR-7249,3
1583,2025-11-07,Guayaquil,USR-7052,3
1584,2025-11-07,Guayaquil,USR-8204,3
1585,2025-11-07,Guayaquil,USR-8619,3
1586,2025-11-07,Guayaquil,USR-2009,5
1587,2025-11-07,Guayaquil,USR-3476,3
1588,2025-11-07,Guayaquil,USR-2404,1
1589,2025-11-07,Guayaquil,USR-6632,3
1590,2025-11-07,Guayaquil,USR-4727,2
1591,2025-11-07,Guayaquil,USR-1999,4
1592,2025-11-07,Guayaquil,USR-7858,1
1593,2025-11-07,Guayaquil,USR-9773,2
1594,2025-11-07,Guayaquil,USR-4860,1
1595,2025-11-07,Guayaquil,USR-8803,3
1596,2025-11-07,Guayaquil,USR-1568,4
1597,2025-11-07,Guayaquil,USR-9226,2
1598,2025-11-07,Guayaquil,USR-3415,2
1599,2025-11-07,Guayaquil,USR-2970,4
1600,2025-11-07,Guayaquil,USR-3738,2
1601,2025-11-07,Cuenca,USR-4471,3
1602,2025-11-07,Cuenca,USR-7936,2
1603,2025-11-07,Cuenca,USR-2283,4
1604,2025-11-07,Cuenca,USR-3422,3
1605,2025-11-07,Cuenca,USR-5225,2
1606,2025-11-07,Cuenca,USR-2097,4
1607,2025-11-07,Cuenca,USR-2425,2
1608,2025-11-07,Cuenca,USR-6343,3
1609,2025-11-07,Cuenca,USR-5525,1
1610,2025-11-07,Cuenca,USR-1202,3
1611,2025-11-07,Cuenca,USR-9561,3
1612,2025-11-07,Cuenca,USR-3451,2
1613,2025-11-07,Cuenca,USR-3428,2
1614,2025-11-07,Cuenca,USR-2641,2
1615,2025-11-07,Cuenca,USR-2730,2
1616,2025-11-07,Cuenca,USR-5687,3
1617,2025-11-07,Cuenca,USR-9775,4
1618,2025-11-07,Cuenca,USR-5327,2
1619,2025-11-07,Cuenca,USR-7275,2
1620,2025-11-07,Cuenca,USR-8750,2
1621,2025-11-07,Cuenca,USR-1613,3
1622,2025-11-07,Cuenca,USR-7581,4
1623,2025-11-07,Cuenca,USR-1635,1
1624,2025-11-07,Cuenca,USR-4892,4
1625,2025-11-07,Cuenca,USR-1807,3
1626,2025-11-07,Cuenca,USR-7102,1
1627,2025-11-07,Cuenca,USR-1331,2
1628,2025-11-07,Cuenca,USR-6094,4
1629,2025-11-07,Cuenca,USR-5593,4
1630,2025-11-07,Cuenca,USR-2609,1
1631,2025-11-07,Cuenca,USR-4734,4
1632,2025-11-07,Cuenca,USR-8259,5
1633,2025-11-07,Cuenca,USR-6257,3
1634,2025-11-07,Cuenca,USR-2462,4
1635,2025-11-07,Cuenca,USR-4079,1
1636,2025-11-07,Cuenca,USR-7671,4
1637,2025-11-07,Cuenca,USR-8937,3
1638,2025-11-07,Cuenca,USR-1920,1
1639,2025-11-07,Cuenca,USR-9442,3
1640,2025-11-07,Cuenca,USR-9303,2
1641,2025-11-07,Cuenca,USR-7609,4
1642,2025-11-07,Cuenca,USR-1474,4
1643,2025-11-07,Cuenca,USR-3846,3
1644,2025-11-07,Cuenca,USR-1944,4
1645,2025-11-07,Cuenca,USR-5087,3
1646,2025-11-07,Cuenca,USR-6904,3
1647,2025-11-07,Cuenca,USR-4262,3
1648,2025-11-07,Cuenca,USR-9275,4
1649,2025-11-07,Cuenca,USR-7503,2
1650,2025-11-07,Cuenca,USR-1500,2
1651,2025-11-07,Ambato,USR-4963,2
1652,2025-11-07,Ambato,USR-3909,4
1653,2025-11-07,Ambato,USR-8775,2
1654,2025-11-07,Ambato,USR-3679,2
1655,2025-11-07,Ambato,USR-5237,3
1656,2025-11-07,Ambato,USR-5670,1
1657,2025-11-07,Ambato,USR-1449,2
1658,2025-11-07,Ambato,USR-4511,3
1659,2025-11-07,Ambato,USR-4626,2
1660,2025-11-07,Ambato,USR-5408,2
1661,2025-11-07,Ambato,USR-7709,1
1662,2025-11-07,Ambato,USR-1145,3
1663,2025-11-07,Ambato,USR-8767,4
1664,2025-11-07,Ambato,USR-1138,2
1665,2025-11-07,Ambato,USR-4666,3
1666,2025-11-07,Ambato,USR-6004,4
1667,2025-11-07,Ambato,USR-5511,2
1668,2025-11-07,Ambato,USR-6713,3
1669,2025-11-07,Ambato,USR-8520,3
1670,2025-11-07,Ambato,USR-9530,4
1671,2025-11-07,Ambato,USR-7506,3
1672,2025-11-07,Ambato,USR-7131,3
1673,2025-11-07,Ambato,USR-5631,3
1674,2025-11-07,Ambato,USR-2045,3
1675,2025-11-07,Ambato,USR-6509,4
1676,2025-11-07,Ambato,USR-5536,3
1677,2025-11-07,Ambato,USR-5278,2
1678,2025-11-07,Ambato,USR-5895,1
1679,2025-11-07,Ambato,USR-4086,4
1680,2025-11-07,Ambato,USR-1930,4
1681,2025-11-07,Ambato,USR-7620,2
1682,2025-11-07,Ambato,USR-1417,2
1683,2025-11-07,Ambato,USR-9148,3
1684,2025-11-07,Ambato,USR-7857,3
1685,2025-11-07,Ambato,USR-7628,3
1686,2025-11-07,Ambato,USR-4111,3
1687,2025-11-07,Ambato,USR-6622,3
1688,2025-11-07,Ambato,USR-9759,2
1689,2025-11-07,Ambato,USR-8794,4
1690,2025-11-07,Ambato,USR-9311,2
1691,2025-11-07,Ambato,USR-5918,4
1692,2025-11-07,Ambato,USR-3967,1
1693,2025-11-07,Ambato,USR-5813,3
1694,2025-11-07,Ambato,USR-5237,3
1695,2025-11-07,Ambato,USR-3999,5
1696,2025-11-07,Ambato,USR-2463,2
1697,2025-11-07,Ambato,USR-4641,2
1698,2025-11-07,Ambato,USR-6031,4
1699,2025-11-07,Ambato,USR-7889,3
1700,2025-11-07,Ambato,USR-5269,2
1701,2025-11-07,Manta,USR-5817,2
1702,2025-11-07,Manta,USR-1879,3
1703,2025-11-07,Manta,USR-2166,2
1704,2025-11-07,Manta,USR-2963,3
1705,2025-11-07,Manta,USR-7253,2
1706,2025-11-07,Manta,USR-3470,3
1707,2025-11-07,Manta,USR-3250,4
1708,2025-11-07,Manta,USR-8496,3
1709,2025-11-07,Manta,USR-3346,2
1710,2025-11-07,Manta,USR-2324,4
1711,2025-11-07,Manta,USR-8988,1
1712,2025-11-07,Manta,USR-6134,5
1713,2025-11-07,Manta,USR-1950,4
1714,2025-11-07,Manta,USR-3762,3
1715,2025-11-07,Manta,USR-3595,1
1716,2025-11-07,Manta,USR-2442,3
1717,2025-11-07,Manta,USR-3120,2
1718,2025-11-07,Manta,USR-7609,2
1719,2025-11-07,Manta,USR-8029,4
1720,2025-11-07,Manta,USR-1618,3
1721,2025-11-07,Manta,USR-9745,3
1722,2025-11-07,Manta,USR-1230,4
1723,2025-11-07,Manta,USR-6279,3
1724,2025-11-07,Manta,USR-1293,2
1725,2025-11-07,Manta,USR-1067,2
1726,2025-11-07,Manta,USR-6641,2
1727,2025-11-07,Manta,USR-6113,3
1728,2025-11-07,Manta,USR-6015,3
1729,2025-11-07,Manta,USR-3736,3
1730,2025-11-07,Manta,USR-5764,3
1731,2025-11-07,Manta,USR-8469,3
1732,2025-11-07,Manta,USR-6535,2
1733,2025-11-07,Manta,USR-8105,5
1734,2025-11-07,Manta,USR-6615,1
1735,2025-11-07,Manta,USR-9031,2
1736,2025-11-07,Manta,USR-7609,3
1737,2025-11-07,Manta,USR-1313,3
1738,2025-11-07,Manta,USR-3149,4
1739,2025-11-07,Manta,USR-4460,3
1740,2025-11-07,Manta,USR-3768,2
1741,2025-11-07,Manta,USR-3017,2
1742,2025-11-07,Manta,USR-1612,4
1743,2025-11-07,Manta,USR-7147,3
1744,2025-11-07,Manta,USR-9761,2
1745,2025-11-07,Manta,USR-1796,3
1746,2025-11-07,Manta,USR-2771,3
1747,2025-11-07,Manta,USR-1323,3
1748,2025-11-07,Manta,USR-8279,3
1749,2025-11-07,Manta,USR-7230,3
1750,2025-11-07,Manta,USR-3508,3
